sample_id,split,contract,anchor_time,trade_date,label_20,forward_return_20,cnn_p_up,cnn_pred,confidence_bucket,signal_bucket,xai_quality_bucket,target_raw_filename,target_raw_repo_path,gradcam_raw_path,gradcam_masked_path,gradcam_heat_path
16301,test,SiU5,2025-09-16 13:00:00,2025-09-16,1,0.002108992745065,0.899929940700531,1.0,very_high,long,,16301_y1_SiU5_2025-09-16_13-00-00.png,assets/test_raw_images/16301_y1_SiU5_2025-09-16_13-00-00.png,assets/gradcam/test_gradcam_overlay/16301_y1_SiU5_2025-09-16_13-00-00.png,assets/gradcam/test_gradcam_masked_overlay/16301_y1_SiU5_2025-09-16_13-00-00.png,assets/gradcam/test_gradcam_heatmap/16301_y1_SiU5_2025-09-16_13-00-00.png
16653,test,SiZ5,2025-10-02 08:45:00,2025-10-02,1,0.0015636464234594,0.9083652496337892,1.0,very_high,long,,16653_y1_SiZ5_2025-10-02_08-45-00.png,assets/test_raw_images/16653_y1_SiZ5_2025-10-02_08-45-00.png,assets/gradcam/test_gradcam_overlay/16653_y1_SiZ5_2025-10-02_08-45-00.png,assets/gradcam/test_gradcam_masked_overlay/16653_y1_SiZ5_2025-10-02_08-45-00.png,assets/gradcam/test_gradcam_heatmap/16653_y1_SiZ5_2025-10-02_08-45-00.png
16654,test,SiZ5,2025-10-02 09:00:00,2025-10-02,1,0.00120400693508,0.9114511609077454,1.0,very_high,long,,16654_y1_SiZ5_2025-10-02_09-00-00.png,assets/test_raw_images/16654_y1_SiZ5_2025-10-02_09-00-00.png,assets/gradcam/test_gradcam_overlay/16654_y1_SiZ5_2025-10-02_09-00-00.png,assets/gradcam/test_gradcam_masked_overlay/16654_y1_SiZ5_2025-10-02_09-00-00.png,assets/gradcam/test_gradcam_heatmap/16654_y1_SiZ5_2025-10-02_09-00-00.png
16655,test,SiZ5,2025-10-02 09:15:00,2025-10-02,1,0.0025107430833857,0.9000189900398254,1.0,very_high,long,,16655_y1_SiZ5_2025-10-02_09-15-00.png,assets/test_raw_images/16655_y1_SiZ5_2025-10-02_09-15-00.png,assets/gradcam/test_gradcam_overlay/16655_y1_SiZ5_2025-10-02_09-15-00.png,assets/gradcam/test_gradcam_masked_overlay/16655_y1_SiZ5_2025-10-02_09-15-00.png,assets/gradcam/test_gradcam_heatmap/16655_y1_SiZ5_2025-10-02_09-15-00.png
16656,test,SiZ5,2025-10-02 09:30:00,2025-10-02,1,0.0012179827311755,0.9037574529647828,1.0,very_high,long,,16656_y1_SiZ5_2025-10-02_09-30-00.png,assets/test_raw_images/16656_y1_SiZ5_2025-10-02_09-30-00.png,assets/gradcam/test_gradcam_overlay/16656_y1_SiZ5_2025-10-02_09-30-00.png,assets/gradcam/test_gradcam_masked_overlay/16656_y1_SiZ5_2025-10-02_09-30-00.png,assets/gradcam/test_gradcam_heatmap/16656_y1_SiZ5_2025-10-02_09-30-00.png
16657,test,SiZ5,2025-10-02 09:45:00,2025-10-02,1,0.0024508324379142,0.8944708704948425,1.0,very_high,long,,16657_y1_SiZ5_2025-10-02_09-45-00.png,assets/test_raw_images/16657_y1_SiZ5_2025-10-02_09-45-00.png,assets/gradcam/test_gradcam_overlay/16657_y1_SiZ5_2025-10-02_09-45-00.png,assets/gradcam/test_gradcam_masked_overlay/16657_y1_SiZ5_2025-10-02_09-45-00.png,assets/gradcam/test_gradcam_heatmap/16657_y1_SiZ5_2025-10-02_09-45-00.png
16901,test,SiZ5,2025-10-10 09:15:00,2025-10-10,0,-0.0053366369657407,0.2686084806919098,0.0,medium,short,,16901_y0_SiZ5_2025-10-10_09-15-00.png,assets/test_raw_images/16901_y0_SiZ5_2025-10-10_09-15-00.png,assets/gradcam/test_gradcam_overlay/16901_y0_SiZ5_2025-10-10_09-15-00.png,assets/gradcam/test_gradcam_masked_overlay/16901_y0_SiZ5_2025-10-10_09-15-00.png,assets/gradcam/test_gradcam_heatmap/16901_y0_SiZ5_2025-10-10_09-15-00.png
16902,test,SiZ5,2025-10-10 09:30:00,2025-10-10,0,-0.0045371186319574,0.2674839794635772,0.0,medium,short,,16902_y0_SiZ5_2025-10-10_09-30-00.png,assets/test_raw_images/16902_y0_SiZ5_2025-10-10_09-30-00.png,assets/gradcam/test_gradcam_overlay/16902_y0_SiZ5_2025-10-10_09-30-00.png,assets/gradcam/test_gradcam_masked_overlay/16902_y0_SiZ5_2025-10-10_09-30-00.png,assets/gradcam/test_gradcam_heatmap/16902_y0_SiZ5_2025-10-10_09-30-00.png
16906,test,SiZ5,2025-10-10 10:30:00,2025-10-10,1,0.0012459417043044,0.243684709072113,0.0,high,short,,16906_y1_SiZ5_2025-10-10_10-30-00.png,assets/test_raw_images/16906_y1_SiZ5_2025-10-10_10-30-00.png,assets/gradcam/test_gradcam_overlay/16906_y1_SiZ5_2025-10-10_10-30-00.png,assets/gradcam/test_gradcam_masked_overlay/16906_y1_SiZ5_2025-10-10_10-30-00.png,assets/gradcam/test_gradcam_heatmap/16906_y1_SiZ5_2025-10-10_10-30-00.png
16907,test,SiZ5,2025-10-10 10:45:00,2025-10-10,1,0.0016655283559197,0.2624923884868622,0.0,medium,short,,16907_y1_SiZ5_2025-10-10_10-45-00.png,assets/test_raw_images/16907_y1_SiZ5_2025-10-10_10-45-00.png,assets/gradcam/test_gradcam_overlay/16907_y1_SiZ5_2025-10-10_10-45-00.png,assets/gradcam/test_gradcam_masked_overlay/16907_y1_SiZ5_2025-10-10_10-45-00.png,assets/gradcam/test_gradcam_heatmap/16907_y1_SiZ5_2025-10-10_10-45-00.png
16908,test,SiZ5,2025-10-10 11:00:00,2025-10-10,1,0.0035487351636493,0.2199770957231521,0.0,high,short,,16908_y1_SiZ5_2025-10-10_11-00-00.png,assets/test_raw_images/16908_y1_SiZ5_2025-10-10_11-00-00.png,assets/gradcam/test_gradcam_overlay/16908_y1_SiZ5_2025-10-10_11-00-00.png,assets/gradcam/test_gradcam_masked_overlay/16908_y1_SiZ5_2025-10-10_11-00-00.png,assets/gradcam/test_gradcam_heatmap/16908_y1_SiZ5_2025-10-10_11-00-00.png
16958,test,SiZ5,2025-10-13 13:15:00,2025-10-13,0,-0.0043641124486307,0.2457470595836639,0.0,high,short,,16958_y0_SiZ5_2025-10-13_13-15-00.png,assets/test_raw_images/16958_y0_SiZ5_2025-10-13_13-15-00.png,assets/gradcam/test_gradcam_overlay/16958_y0_SiZ5_2025-10-13_13-15-00.png,assets/gradcam/test_gradcam_masked_overlay/16958_y0_SiZ5_2025-10-13_13-15-00.png,assets/gradcam/test_gradcam_heatmap/16958_y0_SiZ5_2025-10-13_13-15-00.png
16960,test,SiZ5,2025-10-13 13:45:00,2025-10-13,0,-0.0054909090909091,0.2496913522481918,0.0,high,short,,16960_y0_SiZ5_2025-10-13_13-45-00.png,assets/test_raw_images/16960_y0_SiZ5_2025-10-13_13-45-00.png,assets/gradcam/test_gradcam_overlay/16960_y0_SiZ5_2025-10-13_13-45-00.png,assets/gradcam/test_gradcam_masked_overlay/16960_y0_SiZ5_2025-10-13_13-45-00.png,assets/gradcam/test_gradcam_heatmap/16960_y0_SiZ5_2025-10-13_13-45-00.png
16961,test,SiZ5,2025-10-13 14:00:00,2025-10-13,0,-0.0069089234200383,0.2587004899978637,0.0,medium,short,,16961_y0_SiZ5_2025-10-13_14-00-00.png,assets/test_raw_images/16961_y0_SiZ5_2025-10-13_14-00-00.png,assets/gradcam/test_gradcam_overlay/16961_y0_SiZ5_2025-10-13_14-00-00.png,assets/gradcam/test_gradcam_masked_overlay/16961_y0_SiZ5_2025-10-13_14-00-00.png,assets/gradcam/test_gradcam_heatmap/16961_y0_SiZ5_2025-10-13_14-00-00.png
16962,test,SiZ5,2025-10-13 14:15:00,2025-10-13,0,-0.0058702955766595,0.2272887974977493,0.0,high,short,,16962_y0_SiZ5_2025-10-13_14-15-00.png,assets/test_raw_images/16962_y0_SiZ5_2025-10-13_14-15-00.png,assets/gradcam/test_gradcam_overlay/16962_y0_SiZ5_2025-10-13_14-15-00.png,assets/gradcam/test_gradcam_masked_overlay/16962_y0_SiZ5_2025-10-13_14-15-00.png,assets/gradcam/test_gradcam_heatmap/16962_y0_SiZ5_2025-10-13_14-15-00.png
16963,test,SiZ5,2025-10-13 14:30:00,2025-10-13,0,-0.0082522448287144,0.2423587888479232,0.0,high,short,,16963_y0_SiZ5_2025-10-13_14-30-00.png,assets/test_raw_images/16963_y0_SiZ5_2025-10-13_14-30-00.png,assets/gradcam/test_gradcam_overlay/16963_y0_SiZ5_2025-10-13_14-30-00.png,assets/gradcam/test_gradcam_masked_overlay/16963_y0_SiZ5_2025-10-13_14-30-00.png,assets/gradcam/test_gradcam_heatmap/16963_y0_SiZ5_2025-10-13_14-30-00.png
16964,test,SiZ5,2025-10-13 14:45:00,2025-10-13,0,-0.0078001041628816,0.2167801409959793,0.0,high,short,,16964_y0_SiZ5_2025-10-13_14-45-00.png,assets/test_raw_images/16964_y0_SiZ5_2025-10-13_14-45-00.png,assets/gradcam/test_gradcam_overlay/16964_y0_SiZ5_2025-10-13_14-45-00.png,assets/gradcam/test_gradcam_masked_overlay/16964_y0_SiZ5_2025-10-13_14-45-00.png,assets/gradcam/test_gradcam_heatmap/16964_y0_SiZ5_2025-10-13_14-45-00.png
16965,test,SiZ5,2025-10-13 15:00:00,2025-10-13,0,-0.0067620790363431,0.1840879023075103,0.0,high,short,,16965_y0_SiZ5_2025-10-13_15-00-00.png,assets/test_raw_images/16965_y0_SiZ5_2025-10-13_15-00-00.png,assets/gradcam/test_gradcam_overlay/16965_y0_SiZ5_2025-10-13_15-00-00.png,assets/gradcam/test_gradcam_masked_overlay/16965_y0_SiZ5_2025-10-13_15-00-00.png,assets/gradcam/test_gradcam_heatmap/16965_y0_SiZ5_2025-10-13_15-00-00.png
16966,test,SiZ5,2025-10-13 15:15:00,2025-10-13,0,-0.0080760382612906,0.2089293301105499,0.0,high,short,,16966_y0_SiZ5_2025-10-13_15-15-00.png,assets/test_raw_images/16966_y0_SiZ5_2025-10-13_15-15-00.png,assets/gradcam/test_gradcam_overlay/16966_y0_SiZ5_2025-10-13_15-15-00.png,assets/gradcam/test_gradcam_masked_overlay/16966_y0_SiZ5_2025-10-13_15-15-00.png,assets/gradcam/test_gradcam_heatmap/16966_y0_SiZ5_2025-10-13_15-15-00.png
16967,test,SiZ5,2025-10-13 15:30:00,2025-10-13,0,-0.0067028678092652,0.2457112818956375,0.0,high,short,background_focused,16967_y0_SiZ5_2025-10-13_15-30-00.png,assets/test_raw_images/16967_y0_SiZ5_2025-10-13_15-30-00.png,assets/gradcam/test_gradcam_overlay/16967_y0_SiZ5_2025-10-13_15-30-00.png,assets/gradcam/test_gradcam_masked_overlay/16967_y0_SiZ5_2025-10-13_15-30-00.png,assets/gradcam/test_gradcam_heatmap/16967_y0_SiZ5_2025-10-13_15-30-00.png
16968,test,SiZ5,2025-10-13 15:45:00,2025-10-13,0,-0.0071529023810678,0.2052763402462005,0.0,high,short,,16968_y0_SiZ5_2025-10-13_15-45-00.png,assets/test_raw_images/16968_y0_SiZ5_2025-10-13_15-45-00.png,assets/gradcam/test_gradcam_overlay/16968_y0_SiZ5_2025-10-13_15-45-00.png,assets/gradcam/test_gradcam_masked_overlay/16968_y0_SiZ5_2025-10-13_15-45-00.png,assets/gradcam/test_gradcam_heatmap/16968_y0_SiZ5_2025-10-13_15-45-00.png
16969,test,SiZ5,2025-10-13 16:00:00,2025-10-13,0,-0.0072373286135121,0.2042256891727447,0.0,high,short,,16969_y0_SiZ5_2025-10-13_16-00-00.png,assets/test_raw_images/16969_y0_SiZ5_2025-10-13_16-00-00.png,assets/gradcam/test_gradcam_overlay/16969_y0_SiZ5_2025-10-13_16-00-00.png,assets/gradcam/test_gradcam_masked_overlay/16969_y0_SiZ5_2025-10-13_16-00-00.png,assets/gradcam/test_gradcam_heatmap/16969_y0_SiZ5_2025-10-13_16-00-00.png
16970,test,SiZ5,2025-10-13 16:15:00,2025-10-13,0,-0.0055844218909337,0.1357365399599075,0.0,very_high,short,,16970_y0_SiZ5_2025-10-13_16-15-00.png,assets/test_raw_images/16970_y0_SiZ5_2025-10-13_16-15-00.png,assets/gradcam/test_gradcam_overlay/16970_y0_SiZ5_2025-10-13_16-15-00.png,assets/gradcam/test_gradcam_masked_overlay/16970_y0_SiZ5_2025-10-13_16-15-00.png,assets/gradcam/test_gradcam_heatmap/16970_y0_SiZ5_2025-10-13_16-15-00.png
16971,test,SiZ5,2025-10-13 16:30:00,2025-10-13,0,-0.0039509834909674,0.2481963485479354,0.0,high,short,,16971_y0_SiZ5_2025-10-13_16-30-00.png,assets/test_raw_images/16971_y0_SiZ5_2025-10-13_16-30-00.png,assets/gradcam/test_gradcam_overlay/16971_y0_SiZ5_2025-10-13_16-30-00.png,assets/gradcam/test_gradcam_masked_overlay/16971_y0_SiZ5_2025-10-13_16-30-00.png,assets/gradcam/test_gradcam_heatmap/16971_y0_SiZ5_2025-10-13_16-30-00.png
16972,test,SiZ5,2025-10-13 16:45:00,2025-10-13,0,-0.0040807899243353,0.253883421421051,0.0,medium,short,,16972_y0_SiZ5_2025-10-13_16-45-00.png,assets/test_raw_images/16972_y0_SiZ5_2025-10-13_16-45-00.png,assets/gradcam/test_gradcam_overlay/16972_y0_SiZ5_2025-10-13_16-45-00.png,assets/gradcam/test_gradcam_masked_overlay/16972_y0_SiZ5_2025-10-13_16-45-00.png,assets/gradcam/test_gradcam_heatmap/16972_y0_SiZ5_2025-10-13_16-45-00.png
17024,test,SiZ5,2025-10-15 09:15:00,2025-10-15,0,-0.004817907792657,0.9354503750801086,1.0,very_high,long,,17024_y0_SiZ5_2025-10-15_09-15-00.png,assets/test_raw_images/17024_y0_SiZ5_2025-10-15_09-15-00.png,assets/gradcam/test_gradcam_overlay/17024_y0_SiZ5_2025-10-15_09-15-00.png,assets/gradcam/test_gradcam_masked_overlay/17024_y0_SiZ5_2025-10-15_09-15-00.png,assets/gradcam/test_gradcam_heatmap/17024_y0_SiZ5_2025-10-15_09-15-00.png
17353,test,SiZ5,2025-10-27 09:30:00,2025-10-27,0,-0.0022571403767688,0.9229754209518432,1.0,very_high,long,,17353_y0_SiZ5_2025-10-27_09-30-00.png,assets/test_raw_images/17353_y0_SiZ5_2025-10-27_09-30-00.png,assets/gradcam/test_gradcam_overlay/17353_y0_SiZ5_2025-10-27_09-30-00.png,assets/gradcam/test_gradcam_masked_overlay/17353_y0_SiZ5_2025-10-27_09-30-00.png,assets/gradcam/test_gradcam_heatmap/17353_y0_SiZ5_2025-10-27_09-30-00.png
17355,test,SiZ5,2025-10-27 10:00:00,2025-10-27,1,0.0055056179775281,0.9051684737205504,1.0,very_high,long,,17355_y1_SiZ5_2025-10-27_10-00-00.png,assets/test_raw_images/17355_y1_SiZ5_2025-10-27_10-00-00.png,assets/gradcam/test_gradcam_overlay/17355_y1_SiZ5_2025-10-27_10-00-00.png,assets/gradcam/test_gradcam_masked_overlay/17355_y1_SiZ5_2025-10-27_10-00-00.png,assets/gradcam/test_gradcam_heatmap/17355_y1_SiZ5_2025-10-27_10-00-00.png
17356,test,SiZ5,2025-10-27 10:15:00,2025-10-27,1,0.0062023436622531,0.9036730527877808,1.0,very_high,long,,17356_y1_SiZ5_2025-10-27_10-15-00.png,assets/test_raw_images/17356_y1_SiZ5_2025-10-27_10-15-00.png,assets/gradcam/test_gradcam_overlay/17356_y1_SiZ5_2025-10-27_10-15-00.png,assets/gradcam/test_gradcam_masked_overlay/17356_y1_SiZ5_2025-10-27_10-15-00.png,assets/gradcam/test_gradcam_heatmap/17356_y1_SiZ5_2025-10-27_10-15-00.png
17357,test,SiZ5,2025-10-27 10:30:00,2025-10-27,1,0.0043090028270047,0.9249202013015748,1.0,very_high,long,,17357_y1_SiZ5_2025-10-27_10-30-00.png,assets/test_raw_images/17357_y1_SiZ5_2025-10-27_10-30-00.png,assets/gradcam/test_gradcam_overlay/17357_y1_SiZ5_2025-10-27_10-30-00.png,assets/gradcam/test_gradcam_masked_overlay/17357_y1_SiZ5_2025-10-27_10-30-00.png,assets/gradcam/test_gradcam_heatmap/17357_y1_SiZ5_2025-10-27_10-30-00.png
17358,test,SiZ5,2025-10-27 10:45:00,2025-10-27,1,0.0033595460879951,0.9181988835334778,1.0,very_high,long,,17358_y1_SiZ5_2025-10-27_10-45-00.png,assets/test_raw_images/17358_y1_SiZ5_2025-10-27_10-45-00.png,assets/gradcam/test_gradcam_overlay/17358_y1_SiZ5_2025-10-27_10-45-00.png,assets/gradcam/test_gradcam_masked_overlay/17358_y1_SiZ5_2025-10-27_10-45-00.png,assets/gradcam/test_gradcam_heatmap/17358_y1_SiZ5_2025-10-27_10-45-00.png
17359,test,SiZ5,2025-10-27 11:00:00,2025-10-27,1,0.0042184641803859,0.9143356680870056,1.0,very_high,long,,17359_y1_SiZ5_2025-10-27_11-00-00.png,assets/test_raw_images/17359_y1_SiZ5_2025-10-27_11-00-00.png,assets/gradcam/test_gradcam_overlay/17359_y1_SiZ5_2025-10-27_11-00-00.png,assets/gradcam/test_gradcam_masked_overlay/17359_y1_SiZ5_2025-10-27_11-00-00.png,assets/gradcam/test_gradcam_heatmap/17359_y1_SiZ5_2025-10-27_11-00-00.png
17360,test,SiZ5,2025-10-27 11:15:00,2025-10-27,1,0.0032695582988351,0.9126601219177246,1.0,very_high,long,,17360_y1_SiZ5_2025-10-27_11-15-00.png,assets/test_raw_images/17360_y1_SiZ5_2025-10-27_11-15-00.png,assets/gradcam/test_gradcam_overlay/17360_y1_SiZ5_2025-10-27_11-15-00.png,assets/gradcam/test_gradcam_masked_overlay/17360_y1_SiZ5_2025-10-27_11-15-00.png,assets/gradcam/test_gradcam_heatmap/17360_y1_SiZ5_2025-10-27_11-15-00.png
17361,test,SiZ5,2025-10-27 11:30:00,2025-10-27,1,0.004416961130742,0.9212812781333924,1.0,very_high,long,,17361_y1_SiZ5_2025-10-27_11-30-00.png,assets/test_raw_images/17361_y1_SiZ5_2025-10-27_11-30-00.png,assets/gradcam/test_gradcam_overlay/17361_y1_SiZ5_2025-10-27_11-30-00.png,assets/gradcam/test_gradcam_masked_overlay/17361_y1_SiZ5_2025-10-27_11-30-00.png,assets/gradcam/test_gradcam_heatmap/17361_y1_SiZ5_2025-10-27_11-30-00.png
17362,test,SiZ5,2025-10-27 11:45:00,2025-10-27,1,0.0023000795703203,0.914422333240509,1.0,very_high,long,background_focused,17362_y1_SiZ5_2025-10-27_11-45-00.png,assets/test_raw_images/17362_y1_SiZ5_2025-10-27_11-45-00.png,assets/gradcam/test_gradcam_overlay/17362_y1_SiZ5_2025-10-27_11-45-00.png,assets/gradcam/test_gradcam_masked_overlay/17362_y1_SiZ5_2025-10-27_11-45-00.png,assets/gradcam/test_gradcam_heatmap/17362_y1_SiZ5_2025-10-27_11-45-00.png
17363,test,SiZ5,2025-10-27 12:00:00,2025-10-27,1,0.0009332304705971,0.910810649394989,1.0,very_high,long,,17363_y1_SiZ5_2025-10-27_12-00-00.png,assets/test_raw_images/17363_y1_SiZ5_2025-10-27_12-00-00.png,assets/gradcam/test_gradcam_overlay/17363_y1_SiZ5_2025-10-27_12-00-00.png,assets/gradcam/test_gradcam_masked_overlay/17363_y1_SiZ5_2025-10-27_12-00-00.png,assets/gradcam/test_gradcam_heatmap/17363_y1_SiZ5_2025-10-27_12-00-00.png
17364,test,SiZ5,2025-10-27 12:15:00,2025-10-27,1,0.0027364545499775,0.9128973484039308,1.0,very_high,long,,17364_y1_SiZ5_2025-10-27_12-15-00.png,assets/test_raw_images/17364_y1_SiZ5_2025-10-27_12-15-00.png,assets/gradcam/test_gradcam_overlay/17364_y1_SiZ5_2025-10-27_12-15-00.png,assets/gradcam/test_gradcam_masked_overlay/17364_y1_SiZ5_2025-10-27_12-15-00.png,assets/gradcam/test_gradcam_heatmap/17364_y1_SiZ5_2025-10-27_12-15-00.png
17365,test,SiZ5,2025-10-27 12:30:00,2025-10-27,0,-0.0011288641889545,0.9169514179229736,1.0,very_high,long,,17365_y0_SiZ5_2025-10-27_12-30-00.png,assets/test_raw_images/17365_y0_SiZ5_2025-10-27_12-30-00.png,assets/gradcam/test_gradcam_overlay/17365_y0_SiZ5_2025-10-27_12-30-00.png,assets/gradcam/test_gradcam_masked_overlay/17365_y0_SiZ5_2025-10-27_12-30-00.png,assets/gradcam/test_gradcam_heatmap/17365_y0_SiZ5_2025-10-27_12-30-00.png
17367,test,SiZ5,2025-10-27 13:00:00,2025-10-27,1,0.000907813413254,0.9078497290611268,1.0,very_high,long,,17367_y1_SiZ5_2025-10-27_13-00-00.png,assets/test_raw_images/17367_y1_SiZ5_2025-10-27_13-00-00.png,assets/gradcam/test_gradcam_overlay/17367_y1_SiZ5_2025-10-27_13-00-00.png,assets/gradcam/test_gradcam_masked_overlay/17367_y1_SiZ5_2025-10-27_13-00-00.png,assets/gradcam/test_gradcam_heatmap/17367_y1_SiZ5_2025-10-27_13-00-00.png
17368,test,SiZ5,2025-10-27 13:15:00,2025-10-27,1,0.0033078817121396,0.9142130613327026,1.0,very_high,long,,17368_y1_SiZ5_2025-10-27_13-15-00.png,assets/test_raw_images/17368_y1_SiZ5_2025-10-27_13-15-00.png,assets/gradcam/test_gradcam_overlay/17368_y1_SiZ5_2025-10-27_13-15-00.png,assets/gradcam/test_gradcam_masked_overlay/17368_y1_SiZ5_2025-10-27_13-15-00.png,assets/gradcam/test_gradcam_heatmap/17368_y1_SiZ5_2025-10-27_13-15-00.png
17369,test,SiZ5,2025-10-27 13:30:00,2025-10-27,1,0.0104731578685506,0.9098528623580932,1.0,very_high,long,,17369_y1_SiZ5_2025-10-27_13-30-00.png,assets/test_raw_images/17369_y1_SiZ5_2025-10-27_13-30-00.png,assets/gradcam/test_gradcam_overlay/17369_y1_SiZ5_2025-10-27_13-30-00.png,assets/gradcam/test_gradcam_masked_overlay/17369_y1_SiZ5_2025-10-27_13-30-00.png,assets/gradcam/test_gradcam_heatmap/17369_y1_SiZ5_2025-10-27_13-30-00.png
17371,test,SiZ5,2025-10-27 14:00:00,2025-10-27,1,0.0083540527100944,0.9110915660858154,1.0,very_high,long,,17371_y1_SiZ5_2025-10-27_14-00-00.png,assets/test_raw_images/17371_y1_SiZ5_2025-10-27_14-00-00.png,assets/gradcam/test_gradcam_overlay/17371_y1_SiZ5_2025-10-27_14-00-00.png,assets/gradcam/test_gradcam_masked_overlay/17371_y1_SiZ5_2025-10-27_14-00-00.png,assets/gradcam/test_gradcam_heatmap/17371_y1_SiZ5_2025-10-27_14-00-00.png
17372,test,SiZ5,2025-10-27 14:15:00,2025-10-27,1,0.0111241217798594,0.9047667980194092,1.0,very_high,long,,17372_y1_SiZ5_2025-10-27_14-15-00.png,assets/test_raw_images/17372_y1_SiZ5_2025-10-27_14-15-00.png,assets/gradcam/test_gradcam_overlay/17372_y1_SiZ5_2025-10-27_14-15-00.png,assets/gradcam/test_gradcam_masked_overlay/17372_y1_SiZ5_2025-10-27_14-15-00.png,assets/gradcam/test_gradcam_heatmap/17372_y1_SiZ5_2025-10-27_14-15-00.png
17373,test,SiZ5,2025-10-27 14:30:00,2025-10-27,1,0.0107891760201861,0.909930944442749,1.0,very_high,long,,17373_y1_SiZ5_2025-10-27_14-30-00.png,assets/test_raw_images/17373_y1_SiZ5_2025-10-27_14-30-00.png,assets/gradcam/test_gradcam_overlay/17373_y1_SiZ5_2025-10-27_14-30-00.png,assets/gradcam/test_gradcam_masked_overlay/17373_y1_SiZ5_2025-10-27_14-30-00.png,assets/gradcam/test_gradcam_heatmap/17373_y1_SiZ5_2025-10-27_14-30-00.png
17678,test,SiZ5,2025-11-06 08:45:00,2025-11-06,0,-0.0080427983141522,0.2530145645141601,0.0,medium,short,background_focused,17678_y0_SiZ5_2025-11-06_08-45-00.png,assets/test_raw_images/17678_y0_SiZ5_2025-11-06_08-45-00.png,assets/gradcam/test_gradcam_overlay/17678_y0_SiZ5_2025-11-06_08-45-00.png,assets/gradcam/test_gradcam_masked_overlay/17678_y0_SiZ5_2025-11-06_08-45-00.png,assets/gradcam/test_gradcam_heatmap/17678_y0_SiZ5_2025-11-06_08-45-00.png
17679,test,SiZ5,2025-11-06 09:00:00,2025-11-06,0,-0.0062568831766086,0.2255623489618301,0.0,high,short,background_focused,17679_y0_SiZ5_2025-11-06_09-00-00.png,assets/test_raw_images/17679_y0_SiZ5_2025-11-06_09-00-00.png,assets/gradcam/test_gradcam_overlay/17679_y0_SiZ5_2025-11-06_09-00-00.png,assets/gradcam/test_gradcam_masked_overlay/17679_y0_SiZ5_2025-11-06_09-00-00.png,assets/gradcam/test_gradcam_heatmap/17679_y0_SiZ5_2025-11-06_09-00-00.png
17680,test,SiZ5,2025-11-06 09:15:00,2025-11-06,0,-0.0040086713252837,0.1940149515867233,0.0,high,short,,17680_y0_SiZ5_2025-11-06_09-15-00.png,assets/test_raw_images/17680_y0_SiZ5_2025-11-06_09-15-00.png,assets/gradcam/test_gradcam_overlay/17680_y0_SiZ5_2025-11-06_09-15-00.png,assets/gradcam/test_gradcam_masked_overlay/17680_y0_SiZ5_2025-11-06_09-15-00.png,assets/gradcam/test_gradcam_heatmap/17680_y0_SiZ5_2025-11-06_09-15-00.png
17681,test,SiZ5,2025-11-06 09:30:00,2025-11-06,0,-0.0052810944071155,0.1880943477153778,0.0,high,short,,17681_y0_SiZ5_2025-11-06_09-30-00.png,assets/test_raw_images/17681_y0_SiZ5_2025-11-06_09-30-00.png,assets/gradcam/test_gradcam_overlay/17681_y0_SiZ5_2025-11-06_09-30-00.png,assets/gradcam/test_gradcam_masked_overlay/17681_y0_SiZ5_2025-11-06_09-30-00.png,assets/gradcam/test_gradcam_heatmap/17681_y0_SiZ5_2025-11-06_09-30-00.png
17682,test,SiZ5,2025-11-06 09:45:00,2025-11-06,0,-0.0058790154158165,0.2192760556936264,0.0,high,short,,17682_y0_SiZ5_2025-11-06_09-45-00.png,assets/test_raw_images/17682_y0_SiZ5_2025-11-06_09-45-00.png,assets/gradcam/test_gradcam_overlay/17682_y0_SiZ5_2025-11-06_09-45-00.png,assets/gradcam/test_gradcam_masked_overlay/17682_y0_SiZ5_2025-11-06_09-45-00.png,assets/gradcam/test_gradcam_heatmap/17682_y0_SiZ5_2025-11-06_09-45-00.png
17768,test,SiZ5,2025-11-10 11:45:00,2025-11-10,1,0.0027265534660094,0.2594784796237945,0.0,medium,short,,17768_y1_SiZ5_2025-11-10_11-45-00.png,assets/test_raw_images/17768_y1_SiZ5_2025-11-10_11-45-00.png,assets/gradcam/test_gradcam_overlay/17768_y1_SiZ5_2025-11-10_11-45-00.png,assets/gradcam/test_gradcam_masked_overlay/17768_y1_SiZ5_2025-11-10_11-45-00.png,assets/gradcam/test_gradcam_heatmap/17768_y1_SiZ5_2025-11-10_11-45-00.png
17770,test,SiZ5,2025-11-10 12:15:00,2025-11-10,1,0.0024823860110247,0.2704147696495056,0.0,medium,short,,17770_y1_SiZ5_2025-11-10_12-15-00.png,assets/test_raw_images/17770_y1_SiZ5_2025-11-10_12-15-00.png,assets/gradcam/test_gradcam_overlay/17770_y1_SiZ5_2025-11-10_12-15-00.png,assets/gradcam/test_gradcam_masked_overlay/17770_y1_SiZ5_2025-11-10_12-15-00.png,assets/gradcam/test_gradcam_heatmap/17770_y1_SiZ5_2025-11-10_12-15-00.png
17996,test,SiZ5,2025-11-17 17:30:00,2025-11-17,1,0.0018840225103988,0.8972815275192261,1.0,very_high,long,,17996_y1_SiZ5_2025-11-17_17-30-00.png,assets/test_raw_images/17996_y1_SiZ5_2025-11-17_17-30-00.png,assets/gradcam/test_gradcam_overlay/17996_y1_SiZ5_2025-11-17_17-30-00.png,assets/gradcam/test_gradcam_masked_overlay/17996_y1_SiZ5_2025-11-17_17-30-00.png,assets/gradcam/test_gradcam_heatmap/17996_y1_SiZ5_2025-11-17_17-30-00.png
17997,test,SiZ5,2025-11-17 17:45:00,2025-11-17,1,0.002681194906954,0.9106418490409852,1.0,very_high,long,,17997_y1_SiZ5_2025-11-17_17-45-00.png,assets/test_raw_images/17997_y1_SiZ5_2025-11-17_17-45-00.png,assets/gradcam/test_gradcam_overlay/17997_y1_SiZ5_2025-11-17_17-45-00.png,assets/gradcam/test_gradcam_masked_overlay/17997_y1_SiZ5_2025-11-17_17-45-00.png,assets/gradcam/test_gradcam_heatmap/17997_y1_SiZ5_2025-11-17_17-45-00.png
18721,test,SiZ5,2025-12-11 14:30:00,2025-12-11,0,-0.0032335178661297,0.2674829065799713,0.0,medium,short,,18721_y0_SiZ5_2025-12-11_14-30-00.png,assets/test_raw_images/18721_y0_SiZ5_2025-12-11_14-30-00.png,assets/gradcam/test_gradcam_overlay/18721_y0_SiZ5_2025-12-11_14-30-00.png,assets/gradcam/test_gradcam_masked_overlay/18721_y0_SiZ5_2025-12-11_14-30-00.png,assets/gradcam/test_gradcam_heatmap/18721_y0_SiZ5_2025-12-11_14-30-00.png
